{
  "metadata": {
    "X": -0.0027613759,
    "Y": 0.054898743,
    "Z": -0.0021906698,
    "W": 1,
    "DataLen": 8
  },
  "children": [
    {
      "metadata": {
        "X": -0.0027613759,
        "Y": 0.054898743,
        "Z": -0.0021906698,
        "W": 1,
        "DataLen": 8
      },
      "children": [
        {
          "metadata": {
            "X": 0.0014678738,
            "Y": 0.06409687,
            "Z": 0.005404425,
            "W": 1,
            "DataLen": 10968
          }
        }
      ]
    }
  ]
}
